Library,Cell type,Biological Replicate number,Protocol used,Restriction Enzyme,Crosslinking Conditions,Biotinylated base used,Ligation Volume,Included in Fig S8 APA histogram?,Total Sequenced Reads,Total Contacts
Primary GM12878 in situ Hi-C,,,,,,,,,,
HIC001,GM12878,1,tethered in situ,MboI,"1% FA, 10min, RT",bio-dCTP,1.2ml,n,"202,095,066","148,358,011"
HIC002,GM12878,1,tethered in situ,MboI,"1% FA, 10min, RT",bio-dCTP,1.2ml,n,"413,230,948","232,985,572"
HIC003,GM12878,1,in situ,MboI,"1% FA, 10min, RT",bio-dATP,1.2ml,n,"486,848,169","393,983,023"
HIC004,GM12878,1,in situ,MboI,"1% FA, 10min, RT",bio-dATP,1.2ml,n,"160,649,365","130,829,245"
HIC005,GM12878,1,in situ,MboI,"1% FA, 10min, RT",bio-dATP,1.2ml,n,"304,049,399","247,790,014"
HIC006,GM12878,1,in situ,MboI,"1% FA, 10min, RT",bio-dATP,1.2ml,n,"153,771,943","126,776,812"
HIC007,GM12878,1,in situ,MboI,"1% FA, 10min, RT",bio-dATP,1.2ml,n,"182,893,710","148,770,483"
HIC008,GM12878,1,in situ,MboI,"1% FA, 10min, RT",bio-dATP,1.2ml,n,"212,099,519","162,374,252"
HIC009,GM12878,1,in situ,MboI,"1% FA, 10min, RT",bio-dATP,1.2ml,n,"117,634,613","94,570,176"
HIC010,GM12878,1,in situ,MboI,"1% FA, 10min, RT",bio-dATP,1.2ml,n,"55,813,939","46,510,588"
HIC011,GM12878,1,in situ,MboI,"1% FA, 10min, RT",bio-dATP,1.2ml,n,"55,817,881","45,743,329"
HIC012,GM12878,1,in situ,MboI,"1% FA, 10min, RT",bio-dATP,1.2ml,n,"194,217,179","144,362,539"
HIC013,GM12878,1,in situ,MboI,"1% FA, 10min, RT",bio-dATP,1.2ml,n,"84,913,545","60,768,266"
HIC014,GM12878,1,in situ,MboI,"1% FA, 10min, RT",bio-dATP,1.2ml,n,"309,986,657","221,733,196"
HIC015,GM12878,1,in situ,MboI,"1% FA, 10min, RT",bio-dATP,1.2ml,n,"174,114,347","99,684,024"
HIC016,GM12878,1,in situ,MboI,"1% FA, 10min, RT",bio-dATP,1.2ml,n,"186,171,788","98,965,718"
HIC017,GM12878,1,in situ,MboI,"1% FA, 10min, RT",bio-dATP,1.2ml,n,"155,717,339","126,146,087"
HIC018,GM12878,1,in situ,MboI,"1% FA, 10min, RT",bio-dATP,1.2ml,n,"137,165,012","104,128,302"
TOTAL PRIMARY,,,,,,,,,"3,587,190,419","2,634,479,637"
,,,,,,,,,,
Replicate GM12878 in situ Hi-C,,,,,,,,,,
HIC019,GM12878,2,tethered in situ,MboI,"1% FA, 10min, RT",bio-dATP,5ml,n,"314,309,612","226,315,907"
HIC020,GM12878,3,in situ,MboI,"1% FA, 10min, RT",bio-dCTP,1.2ml,n,"389,241,982","297,381,123"
HIC021,GM12878,4,in situ,MboI,"1% FA, 10min, RT",bio-dATP,1.2ml,n,"178,301,500","141,557,238"
HIC022,GM12878,5,in situ,MboI,"1% FA, 10min, RT",bio-dATP,1.2ml,n,"348,393,345","255,987,477"
HIC023,GM12878,5,in situ,MboI,"1% FA, 10min, RT",bio-dATP,1.2ml,n,"322,202,135","244,578,144"
HIC024,GM12878,6,in situ,MboI,"1% FA, 10min, RT",bio-dATP,1.2ml,n,"111,656,957","87,513,390"
HIC025,GM12878,7,in situ,MboI,"1% FA, 10min, RT",bio-dATP,1.2ml,n,"347,956,701","280,011,378"
HIC026,GM12878,7,in situ,MboI,"1% FA, 10min, RT",bio-dATP,1.2ml,n,"356,956,797","289,014,860"
HIC027,GM12878,8,in situ,MboI,"1% FA, 10min, RT",bio-dATP,1.2ml,n,"328,197,634","262,162,013"
HIC028,GM12878,9,in situ,MboI,"1% FA, 10min, RT",bio-dATP,1.2ml,n,"74,167,365","58,480,795"
HIC029,GM12878,9,in situ,MboI,"1% FA, 10min, RT",bio-dATP,1.2ml,n,"165,946,030","129,665,039"
TOTAL REPLICATE,,,,,,,,,"2,937,330,058","2,272,667,364"
,,,,,,,,,,
GM12878 agar in situ Hi-C,,,,,,,,,,
HIC030,GM12878,8,agar in situ,MboI,"1% FA, 10min, RT",bio-dATP,1.2ml,n,"144,634,888","88,286,057"
HIC031,GM12878,8,agar in situ,MboI,"1% FA, 10min, RT",bio-dATP,1.2ml,n,"139,062,160","80,806,927"
,,,,,,,,,,
GM12878 pellet/supernatant Hi-C,,,,,,,,,,
HIC032,GM12878,8,pellet,MboI,"1% FA, 10min, RT",bio-dATP,1.2ml,n,"99,388,425","68,852,323"
HIC033,GM12878,8,supernatant,MboI,"1% FA, 10min, RT",bio-dATP,1.2ml,n,"75,258,999","31,198,582"
,,,,,,,,,,
GM12878 dilution Hi-C ,,,,,,,,,,
HIC034,GM12878,10,dilution,HindIII,"1% FA, 10min, RT",bio-dCTP,8ml,n,"2,965,711,299","1,411,675,270"
HIC035,GM12878,11,dilution,HindIII,"1% FA, 10min, RT",bio-dCTP,8ml,n,"1,195,923,990","530,928,274"
HIC036,GM12878,12,dilution,NcoI,"1% FA, 10min, RT",bio-dCTP,8ml,n,"670,863,563","474,631,795"
HIC037,GM12878,12,dilution,HindIII,"1% FA, 10min, RT",bio-dCTP,8ml,n,"2,179,251,533","854,548,167"
TOTAL DILUTION,,,,,,,,,"7,011,750,385","3,271,783,506"
,,,,,,,,,,
GM12878 in-situ Hi-C (DpnII),,,,,,,,,,
HIC038,GM12878,33,in situ,DpnII,"1% FA, 10min, RT",bio-dATP,1.2ml,n,"101,689,129","80,706,254"
HIC039,GM12878,33,in situ,DpnII,"1% FA, 10min, RT",bio-dATP,1.2ml,n,"100,551,368","78,636,447"
HIC040,GM12878,32,in situ,DpnII,"1% FA, 10min, RT",bio-dATP,1.2ml,n,"125,709,561","94,468,263"
HIC041,GM12878,32,in situ,DpnII,"1% FA, 10min, RT",bio-dATP,1.2ml,n,"103,175,323","77,958,951"
HIC042,GM12878,33,in situ,DpnII,"1% FA, 10min, RT",bio-dATP,1.2ml,n,"136,425,264","104,465,604"
TOTAL GM12878 in-situ DpnII,,,,,,,,,"567,550,645","436,235,519"
,,,,,,,,,,
GM12878 in-situ Hi-C (no crosslinking),,,,,,,,,,
HIC043,GM12878,34,in situ (gentle handling),MboI,NA,bio-dATP,1.2ml,n,"130,383,023","83,001,094"
HIC044,GM12878,35,agar in situ,MboI,NA,bio-dATP,1.2ml,n,"59,372,731","37,813,793"
HIC045,GM12878,35,agar in situ,MboI,NA,bio-dATP,1.2ml,n,"39,948,679","9,348,332"
HIC046,GM12878,35,agar in situ,MboI,NA,bio-dATP,1.2ml,n,"65,559,543","46,240,798"
HIC047,GM12878,35,agar in situ,MboI,NA,bio-dATP,1.2ml,n,"49,794,361","16,371,783"
TOTAL GM12878 in-situ no crosslinking,,,,,,,,,"345,058,337","192,775,800"
,,,,,,,,,,
ENCODE Batch 1 GM12878  in-situ Hi-C,,,,,,,,,,
HIC048,GM12878,13,in situ,MboI,"1% FA, 10min, RT",bio-dATP,1.2ml,n,"97,520,628","81,902,767"
,,,,,,,,,,
ENCODE Batch 2 GM12878  in-situ Hi-C,,,,,,,,,,
HIC049,GM12878,14,in situ,MboI,"1% FA, 10min, RT",bio-dATP,1.2ml,n,"107,257,628","88,340,582"
,,,,,,,,,,
IMR90 in situ Hi-C,,,,,,,,,,
HIC050,IMR90 (CCL-186),1,in situ,MboI,"1% FA, 10min, RT",bio-dATP,1.2ml,n,"252,725,458","179,593,204"
HIC051,IMR90 (CCL-186),1,in situ,MboI,"1% FA, 10min, RT",bio-dATP,1.2ml,n,"276,809,208","199,657,173"
HIC052,IMR90 (CCL-186),1,in situ,MboI,"1% FA, 10min, RT",bio-dATP,1.2ml,n,"26,448,232","21,641,031"
HIC053,IMR90 (CCL-186),1,in situ,MboI,"1% FA, 10min, RT",bio-dATP,1.2ml,n,"117,797,690","94,002,885"
HIC054,IMR90 (CCL-186),1,in situ,MboI,"1% FA, 10min, RT",bio-dATP,1.2ml,n,"240,438,944","190,666,855"
HIC055,IMR90 (CCL-186),2,in situ,MboI,"1% FA, 10min, RT",bio-dATP,1.2ml,n,"289,367,968","213,069,892"
HIC056,IMR90 (CCL-186),2,in situ,MboI,"1% FA, 10min, RT",bio-dATP,1.2ml,n,"331,634,582","238,042,250"
TOTAL IMR90 in situ,,,,,,,,,"1,535,222,082","1,136,673,290"
,,,,,,,,,,
IMR90 dilution Hi-C,,,,,,,,,,
HIC057,IMR90 (CCL-186),1,dilution,HindIII,"1% FA, 10min, RT",bio-dCTP,8ml,n,"147,914,631","115,919,855"
,,,,,,,,,,
HMEC in situ Hi-C,,,,,,,,,,
HIC058,HMEC (CC-2551),1,in situ,MboI,"1% FA, 10min, RT",bio-dATP,1.2ml,n,"456,577,383","330,099,360"
HIC059,HMEC (CC-2551),2,in situ,MboI,"1% FA, 10min, RT",bio-dATP,1.2ml,n,"8,919,249","6,660,201"
HIC060,HMEC (CC-2551),2,in situ,MboI,"1% FA, 10min, RT",bio-dATP,1.2ml,n,"16,358,597","12,990,428"
HIC061,HMEC (CC-2551),2,in situ,MboI,"1% FA, 10min, RT",bio-dATP,1.2ml,n,"20,327,054","16,343,168"
HIC062,HMEC (CC-2551),2,in situ,MboI,"1% FA, 10min, RT",bio-dATP,1.2ml,n,"19,298,780","15,538,115"
HIC063,HMEC (CC-2551),2,in situ,MboI,"1% FA, 10min, RT",bio-dATP,1.2ml,n,"16,911,615","13,792,032"
TOTAL HMEC in situ,,,,,,,,,"538,392,678","395,423,304"
,,,,,,,,,,
HMEC dilution Hi-C ,,,,,,,,,,
HIC064,HMEC (CC-2551),3,dilution,HindIII,"1% FA, 10min, RT",bio-dCTP,8ml,n,"530,973,902","403,095,885"
,,,,,,,,,,
NHEK in situ Hi-C,,,,,,,,,,
HIC065,NHEK (192627),1,in situ,MboI,"1% FA, 10min, RT",bio-dATP,1.2ml,n,"229,995,085","171,515,191"
HIC066,NHEK (192627),1,in situ,MboI,"1% FA, 10min, RT",bio-dATP,1.2ml,n,"306,464,833","196,697,990"
HIC067,NHEK (192627),1,in situ,MboI,"1% FA, 10min, RT",bio-dATP,1.2ml,n,"536,747,654","296,686,118"
TOTAL NHEK in situ,,,,,,,,,"1,073,207,572","664,899,299"
,,,,,,,,,,
NHEK dilution Hi-C,,,,,,,,,,
HIC068,NHEK (192627),2,dilution,HindIII,"1% FA, 10min, RT",bio-dCTP,8ml,n,"274,273,148","205,416,646"
,,,,,,,,,,
K562 in situ Hi-C,,,,,,,,,,
HIC069,K562 (CCL-243),1,in situ,MboI,"1.3% FA, 10min, RT",bio-dATP,1.2ml,n,"456,757,799","310,243,422"
HIC070,K562 (CCL-243),1,in situ,MboI,"1.3% FA, 10min, RT",bio-dATP,1.2ml,n,"591,854,553","389,060,442"
HIC071,K562 (CCL-243),2,in situ,MboI,"1.3% FA, 10min, RT",bio-dATP,1.2ml,n,"79,905,895","64,453,847"
HIC072,K562 (CCL-243),2,in situ,MboI,"1.3% FA, 10min, RT",bio-dATP,1.2ml,n,"79,578,049","52,564,216"
HIC073,K562 (CCL-243),2,in situ,MboI,"1.3% FA, 10min, RT",bio-dATP,1.2ml,n,"77,353,816","50,840,830"
HIC074,K562 (CCL-243),2,in situ,MboI,"1.3% FA, 10min, RT",bio-dATP,1.2ml,n,"80,778,733","65,046,110"
TOTAL K562 in situ,,,,,,,,,"1,366,228,845","932,208,867"
,,,,,,,,,,
KBM7 in situ Hi-C,,,,,,,,,,
HIC075,KBM7,1,in situ,MboI,"1% FA, 10min, RT",bio-dATP,1.2ml,n,"136,881,938","107,869,322"
HIC076,KBM7,2,in situ,MboI,"1% FA, 10min, RT",bio-dATP,1.2ml,n,"332,276,798","239,907,532"
HIC077,KBM7,2,in situ,MboI,"1% FA, 10min, RT",bio-dATP,1.2ml,n,"95,822,979","62,928,699"
HIC078,KBM7,2,in situ,MboI,"1% FA, 10min, RT",bio-dATP,1.2ml,n,"294,486,683","203,041,031"
HIC079,KBM7,2,in situ,MboI,"1% FA, 10min, RT",bio-dATP,1.2ml,n,"388,468,010","273,166,794"
TOTAL KBM7 in situ,,,,,,,,,"1,247,936,408","886,913,378"
,,,,,,,,,,
HUVEC in-situ Hi-C,,,,,,,,,,
HIC080,HUVEC,1,in situ,MboI,"1% FA, 10min, RT",bio-dATP,1.2ml,n,"279,338,805","178,241,471"
HIC081,HUVEC,1,in situ,MboI,"1% FA, 10min, RT",bio-dATP,1.2ml,n,"159,625,488","108,747,619"
HIC082,HUVEC,1,in situ,MboI,,bio-dATP,1.2ml,n,"293,144,695","173,404,405"
TOTAL HUVEC in situ,,,,,,,,,"732,108,988","460,393,495"
,,,,,,,,,,
HUVEC dilution Hi-C,,,,,,,,,,
HIC083,HUVEC,1,dilution,HindIII,"1% FA, 10min, RT",bio-dCTP,8ml,n,"160,705,827","111,975,794"
,,,,,,,,,,
HeLa in situ Hi-C,,,,,,,,,,
HIC084,HeLa,1,in situ,MboI,"1% FA, 10min, RT",bio-dATP,1.2ml,n,"20,968,325","15,161,624"
HIC085,HeLa,1,in situ,MboI,"1% FA, 10min, RT",bio-dATP,1.2ml,n,"260,998,415","161,710,832"
HIC086,HeLa,1,in situ,MboI,"1% FA, 10min, RT",bio-dATP,1.2ml,n,"410,229,663","270,101,439"
HIC087,HeLa,1,in situ,MboI,"1% FA, 10min, RT",bio-dATP,0.6ml,n,"63,173,837","38,766,766"
TOTAL HeLA in situ,,,,,,,,,"755,370,240","485,740,661"
,,,,,,,,,,
,,,,,,,,,,
CH12 mouse lymphoblast in situ Hi-C,,,,,,,,,,
HIC088,CH12-LX,1,in situ,MboI,"1% FA, 10min, RT",bio-dATP,1.2ml,n,"112,808,436","50,945,215"
HIC089,CH12-LX,1,in situ,MboI,"1% FA, 10min, RT",bio-dATP,1.2ml,n,"65,920,169","30,712,009"
HIC090,CH12-LX,1,in situ,MboI,"1% FA, 10min, RT",bio-dATP,1.2ml,n,"45,594,869","28,047,586"
HIC091,CH12-LX,1,in situ,MboI,"1% FA, 10min, RT",bio-dATP,1.2ml,n,"78,650,514","37,112,775"
HIC092,CH12-LX,1,in situ,MboI,"1% FA, 10min, RT",bio-dATP,1.2ml,n,"58,710,214","37,756,143"
HIC093,CH12-LX,1,in situ,MboI,"1% FA, 10min, RT",bio-dATP,1.2ml,n,"28,384,394","16,875,886"
HIC094,CH12-LX,1,in situ,MboI,"1% FA, 10min, RT",bio-dATP,1.2ml,n,"149,636,233","56,894,390"
HIC095,CH12-LX,1,in situ,MboI,"1% FA, 10min, RT",bio-dATP,1.2ml,n,"175,930,719","79,650,360"
HIC096,CH12-LX,1,in situ,MboI,"1% FA, 10min, RT",bio-dATP,1.2ml,n,"169,313,244","73,226,585"
HIC097,CH12-LX,1,in situ,MboI,"1% FA, 10min, RT",bio-dATP,1.2ml,n,"171,650,383","69,700,391"
HIC098,CH12-LX,1,in situ,MboI,"1% FA, 10min, RT",bio-dATP,1.2ml,n,"175,627,364","79,884,809"
HIC099,CH12-LX,2,in situ,MboI,"1% FA, 10min, RT",bio-dATP,1.2ml,n,"41,582,509","19,375,249"
HIC100,CH12-LX,2,in situ,MboI,"1% FA, 10min, RT",bio-dATP,1.2ml,n,"27,238,265","12,118,881"
HIC101,CH12-LX,3,in situ,MboI,"1% FA, 10min, RT",bio-dATP,1.2ml,n,"35,826,458","19,199,455"
HIC102,CH12-LX,3,in situ,MboI,"1% FA, 10min, RT",bio-dATP,1.2ml,n,"45,971,604","23,598,410"
TOTAL CH12 mouse lymphoblast in situ,,,,,,,,,"1,382,845,375","635,098,144"
,,,,,,,,,,
CH12 mouse lymphoblast dilution Hi-C,,,,,,,,,,
HIC103,CH12-LX,4,dilution,HindIII,"1% FA, 10min, RT",bio-dCTP,8ml,n,"97,434,620","52,724,465"
HIC104,CH12-LX,1,dilution,HindIII,"1% FA, 10min, RT",bio-dCTP,8ml,n,"52,815,909","32,969,330"
,,,,,,,,,,
Other MiSeq experiments,,,,,,,,,,
HIC105,GM12878,12,dilution,NcoI,"1% FA, 10min, RT",bio-dCTP,8ml,y,"3,195,810","2,399,700"
HIC106,GM12878,12,dilution,HindIII,"1% FA, 10min, RT",bio-dCTP,8ml,y,"5,075,339","2,934,553"
HIC107,GM12878,12,dilution,NcoI,"1% FA, 10min, RT",bio-dCTP,8ml,y,"3,589,385","2,344,202"
HIC108,GM12878,15,dilution,"NcoI,MspI,BspHI","1% FA, 3min, RT",bio-dUTP,8ml,y,"2,605,998","1,817,744"
HIC109,GM12878,15,dilution,"NcoI,MspI,BspHI","1% FA, 5min, RT",bio-dUTP,8ml,y,"2,259,507","1,575,185"
HIC110,GM12878,16,dilution,NcoI,"1% FA, 1min, RT",bio-dCTP,8ml,y,"2,321,682","1,505,523"
HIC111,GM12878,16,dilution,NcoI,"1% FA, 2min, RT",bio-dCTP,8ml,y,"2,351,895","1,324,337"
HIC112,GM12878,16,dilution,NcoI,"1% FA, 7min, RT",bio-dCTP,8ml,y,"2,211,333","1,567,919"
HIC113,GM12878,17,dilution,NcoI,"1% FA, 1min, RT",bio-dCTP,8ml,y,"1,245,289","950,613"
HIC114,GM12878,17,dilution,NcoI,"1% FA, 3min, RT",bio-dCTP,8ml,y,"767,286","620,112"
HIC115,GM12878,17,dilution,NcoI,"1% FA, 5min, RT",bio-dCTP,8ml,y,"679,355","547,357"
HIC116,GM12878,17,dilution,NcoI,"1% FA, 7min, RT",bio-dCTP,8ml,y,"1,238,592","995,296"
HIC117,GM12878,17,dilution,NcoI,"1% FA, 10min, RT",bio-dCTP,8ml,y,"1,116,886","860,701"
HIC118,GM12878,15,dilution,NcoI,"1% FA, 3min, RT",bio-dCTP,8ml,y,"869,919","731,851"
HIC119,GM12878,15,dilution,NcoI,"1% FA, 3min, RT",bio-dCTP,8ml,y,"1,366,341","1,158,886"
HIC120,GM12878,17,dilution,MspI,"1% FA, 3min, RT",bio-dCTP,8ml,y,"4,172,503","3,107,101"
HIC121,GM12878,18,dilution,NcoI,"1% FA, 10min, RT",bio-dCTP,8ml,y,"1,288,385","975,209"
HIC122,GM12878 ,18,dilution,NcoI,"1% FA, 10min, RT",bio-dCTP,8ml,y,"1,708,051","1,335,156"
HIC123,GM12878,1,in situ,NcoI,"1% FA, 10min, RT",bio-dCTP,1.2ml,y,"3,285,241","2,719,177"
HIC124,GM12878,1,in situ,NcoI,"1% FA, 10min, RT",bio-dCTP,1.2ml,y,"18,200,220","12,010,007"
HIC125,GM12878,1,dilution,NcoI,"1% FA, 10min, RT",bio-dCTP,8ml,y,"2,804,969","2,320,285"
HIC126,GM12878,2,dilution,NcoI,"1% FA, 3min, RT",bio-dCTP,8ml,y,"1,888,800","1,440,207"
HIC127,GM12878,2,tethered in situ,NcoI,"1% FA, 3min, RT",bio-dCTP,5ml,y,"1,594,935","1,236,024"
HIC128,GM12878,1,in situ,NcoI,"1% FA, 10min, RT",bio-dCTP,1.2ml,y,"5,905,966","4,548,304"
HIC129,GM12878,1,in situ,NcoI,"1% FA, 10min, RT",bio-dCTP,1.2ml,y,"6,066,238","4,951,387"
HIC130,GM12878,19,dilution,NcoI,"1% FA, 10min, RT",bio-dCTP,8ml,y,"1,619,251","1,147,889"
HIC131,GM12878,19,dilution,NcoI,"1% FA, 10min, RT",bio-dCTP,8ml,y,"1,148,056","685,834"
HIC132,GM12878,19,dilution,NcoI,"1% FA, 10min, RT",bio-dCTP,8ml,y,"1,593,535","983,346"
HIC133,GM12878,19,dilution,MspI,"1% FA, 3min, RT",bio-dCTP,8ml,y,"1,326,854","846,592"
HIC134,GM12878,1,dilution,NcoI,"1% FA, 10min, RT",bio-dCTP,8ml,y,"722,722","505,268"
HIC135,GM12878,1,dilution,NcoI,"1% FA, 10min, RT",bio-dCTP,8ml,y,"806,939","591,574"
HIC136,GM12878,1,dilution,NcoI,"1% FA, 10min, RT",bio-dCTP,8ml,y,"703,464","471,963"
HIC137,GM12878,1,in situ,MboI,"1% FA, 10min, RT",bio-dATP,1.2ml,y,"1,080,577","884,741"
HIC138,GM12878,1,tethered in situ,MboI,"1% FA, 10min, RT",bio-dATP,1.2ml,y,"1,673,444","1,402,306"
HIC139,GM12878,1,tethered in situ,MboI,"1% FA, 10min, RT",bio-dATP,1.2ml,y,"1,332,120","1,116,105"
HIC140,GM12878,20,tethered in situ,MboI,"1% FA, 1min, RT",bio-dATP,1ml,y,"2,632,028","1,867,188"
HIC141,GM12878,20,tethered in situ,MboI,"1% FA, 3min, RT",bio-dATP,1ml,y,"2,244,686","1,785,892"
HIC142,GM12878,20,tethered in situ,MboI,"1% FA, 5min, RT",bio-dATP,1ml,y,"2,656,579","1,904,340"
HIC143,GM12878,20,tethered in situ,MboI,"1% FA, 10min, RT",bio-dATP,1ml,y,"2,360,870","1,705,818"
HIC144,GM12878,20,tethered in situ,MboI,"1% FA, 1min, RT",bio-dATP,5ml,y,"2,169,031","1,426,840"
HIC145,GM12878,20,tethered in situ,MboI,"1% FA, 3min, RT",bio-dATP,5ml,y,"2,494,774","1,996,658"
HIC146,GM12878,20,tethered in situ,MboI,"1% FA, 5min, RT",bio-dATP,5ml,y,"2,863,402","2,108,612"
HIC147,GM12878,20,tethered in situ,MboI,"1% FA, 7min, RT",bio-dATP,5ml,y,"2,829,838","1,796,892"
HIC148,GM12878,20,tethered in situ,MboI,"1% FA, 10min, RT",bio-dATP,5ml,y,"2,836,644","2,166,757"
HIC149,GM12878,1,in situ,NcoI,"1% FA, 10min, RT",bio-dCTP,1ml,y,"2,625,734","1,722,558"
HIC150,GM12878,21,in situ,MboI,"1% FA, 10min, RT",bio-dATP,1.2ml,y,"2,553,534","1,966,794"
HIC151,GM12878,21,in situ,MboI,"1% FA, 10min, RT",bio-dATP,1.2ml,y,"2,316,631","1,839,222"
HIC152,GM12878,21,in situ,MboI,"1% FA, 10min, RT",bio-dATP,1.2ml,y,"2,303,886","1,806,327"
HIC153,GM12878,1,tethered in situ,MboI,"1% FA, 10min, RT",bio-dCTP,1.2ml,y,"4,417,222","3,724,813"
HIC154,GM12878,21,in situ,MboI,"1% FA, 3min, RT",bio-dATP,1.2ml,y,"1,471,605","1,183,616"
HIC155,GM12878,1,in situ,MboI,"1% FA, 10min, RT",bio-dATP,1.2ml,y,"2,880,456","2,359,036"
HIC156,GM12878,22,in situ,MboI,"1% FA, 10min, RT",bio-dATP,1.2ml,y,"2,477,502","1,985,701"
HIC157,GM12878,3,in situ,MboI,"1% FA, 10min, RT",bio-dCTP,1.2ml,y,"2,239,736","1,804,680"
HIC158,GM12878,1,in situ,MboI,"1% FA, 10min, RT",bio-dATP,1.2ml,y,"1,335,875","1,109,786"
HIC159,GM12878,1,in situ,MboI,"1% FA, 10min, RT",bio-dATP,1.2ml,y,"1,791,043","1,491,997"
HIC160,GM12878,1,in situ,MboI,"1% FA, 10min, RT",bio-dATP,1.2ml,y,"1,710,696","1,435,142"
HIC161,GM12878,1,in situ,MboI,"1% FA, 10min, RT",bio-dATP,1.2ml,y,"941,023","770,461"
HIC162,GM12878,4,in situ,MboI,"1% FA, 10min, RT",bio-dATP,1.2ml,y,"453,485","347,449"
HIC163,GM12878,1,in situ,MboI,"1% FA, 10min, RT",bio-dATP,1.2ml,y,"540,132","451,755"
HIC164,GM12878,1,in situ,MboI,"1% FA, 10min, RT",bio-dATP,1.2ml,y,"1,719,561","1,452,469"
HIC165,GM12878,1,in situ,MboI,"1% FA, 10min, RT",bio-dATP,1.2ml,y,"463,849","384,021"
HIC166,GM12878,1,in situ,MboI,"1% FA, 10min, RT",bio-dATP,1.2ml,y,"2,661,488","1,889,567"
HIC167,GM12878,1,in situ,MboI,"1% FA, 10min, RT",bio-dATP,1.2ml,y,"4,033,142","2,714,626"
HIC168,GM12878,23,in situ,MboI,"1% FA, 10min, RT",bio-dATP,1.2ml,y,"606,043","424,958"
HIC169,GM12878,3,in situ,MboI,"1% FA, 10min, RT",bio-dATP,1.2ml,y,"2,111,846","1,578,518"
HIC170,GM12878,3,in situ,MboI,"1% FA, 10min, RT",bio-dATP,1.2ml,y,"1,709,379","1,229,486"
HIC171,GM12878,3,in situ,MboI,"1% FA, 10min, RT",bio-dATP,1.2ml,y,"1,700,909","1,292,204"
HIC172,GM12878,24,in situ,MboI,"1% FA, 10min, RT",bio-dATP,1.2ml,y,"956,156","700,009"
HIC173,GM12878,24,in situ,MboI,"1% FA, 10min, RT",bio-dATP,1.2ml,y,"621,022","449,026"
HIC174,GM12878,1,in situ,MboI,"1% FA, 10min, RT",bio-dATP,1.2ml,y,"662,659","535,951"
HIC175,GM12878,5,in situ,MboI,"1% FA, 10min, RT",bio-dATP,1.2ml,y,"1,661,463","1,205,907"
HIC176,GM12878,5,in situ,MboI,"1% FA, 10min, RT",bio-dATP,1.2ml,y,"625,856","449,189"
HIC177,GM12878,5,in situ,MboI,"1% FA, 10min, RT",bio-dATP,1.2ml,y,"908,115","639,370"
HIC178,GM12878,25,in situ,MboI,"1% FA, 10min, RT",bio-dATP,1.2ml,y,"1,921,446","1,388,332"
HIC179,GM12878,25,in situ,MboI,"1% FA, 10min, RT",bio-dATP,1.2ml,y,"992,526","727,915"
HIC180,GM12878,7,in situ,MboI,"1% FA, 10min, RT",bio-dATP,1.2ml,y,"1,315,102","1,070,303"
HIC181,GM12878,8,in situ,MboI,"1% FA, 10min, RT",bio-dATP,1.2ml,y,"2,870,787","2,312,157"
HIC182,GM12878,26,in situ,MboI,"1% FA, 10min, RT",bio-dATP,1.2ml,y,"1,198,274","968,333"
HIC183,GM12878,8,in situ,MboI,"1% FA, 10min, RT",bio-dATP,1.2ml,y,"1,560,926","1,145,318"
HIC184,GM12878,27,in situ,HindIII,"1% FA, 10min, RT",bio-dATP,1.2ml,y,"874,727","546,561"
HIC185,GM12878,28,in situ,MboI,"1% FA, 10min, RT",bio-dATP,1.2ml,y,"1,196,135","942,203"
HIC186,GM12878,28,in situ,MboI,"1% FA, 10min, RT",bio-dUTP (Tri-Link),1.2ml,y,"617,683","441,585"
HIC187,GM12878,8,in situ,MboI,"1% FA, 10min, RT",bio-dATP,1.2ml,y,"1,062,385","832,515"
HIC188,GM12878,8,in situ,MboI,"1% FA, 10min, RT",bio-dATP,1.2ml,y,"735,330","571,032"
HIC189,GM12878,29,in situ,MboI,"1% FA, 10min, RT",bio-dATP,1.2ml,y,"782,632","626,475"
HIC190,GM12878,29,in situ,MboI,"1% FA, 10min, RT",bio-dATP,1.2ml,y,"1,311,572","1,059,800"
HIC191,GM12878,30,in situ,MboI,"1% FA, 10min, RT",bio-dATP,1.2ml,y,"1,815,819","1,454,054"
HIC192,GM12878,30,in situ,MboI,"1% FA, 10min, RT",bio-dATP,1.2ml,y,"1,479,535","1,166,318"
HIC193,GM12878,30,in situ,MboI,"1% FA, 10min, RT",bio-dATP,1.2ml,y,"1,201,410","948,746"
HIC194,GM12878,31,in situ,MboI,"1% FA, 10min, RT",bio-dATP,1.2ml,y,"1,712,283","1,337,075"
HIC195,GM12878,32,in situ,MboI,"1% FA, 10min, RT",bio-dATP,1.2ml,y,"1,254,838","976,951"
HIC196,GM12878,32,in situ (3 day Hi-C),MboI,"1% FA, 10min, RT",bio-dATP,1.2ml,y,"1,178,753","917,954"
HIC048,GM12878,13,in situ,MboI,"1% FA, 10min, RT",bio-dATP,1.2ml,y,"687,350","570,428"
HIC197,GM12878,33,in situ,DpnII,"1% FA, 10min, 37C",bio-dATP,1.2ml,y,"1,523,760","1,170,947"
HIC198,GM12878,33,in situ,MboI,"1% FA, 10min, RT",bio-dATP,1.2ml,y,"422,191","345,152"
HIC199,GM12878,33,in situ,DpnII,"1% FA, 10min, 37C",bio-dATP,1.2ml,y,"693,680","497,650"
HIC041,GM12878,32,in situ,DpnII,"1% FA, 10min, RT",bio-dATP,1.2ml,y,"654,578","531,923"
HIC200,GM12878,33,in situ,DpnII,"1% FA, 10min, RT",bio-dATP,1.2ml,y,"750,627","573,333"
HIC201,GM12878,33,in situ,MboI,"1% FA, 10min, RT",bio-dATP,1.2ml,y,"929,394","758,760"
HIC042,GM12878,33,in situ,DpnII,"1% FA, 10min, RT",bio-dATP,1.2ml,y,"1,130,277","895,182"
TOTAL MiSeq,,,,,,,,,"195,278,807","145,093,091"
,,,,,,,,,,
GRAND TOTAL,,,,,,,,,"25,202,711,604","15,911,874,568"
